{"cameraMode":{"drawMode":0,"name":"Shaded","section":"Shading Mode"},"sceneLighting":true,"audioPlay":false,"sceneViewState":{"showFog":true,"showMaterialUpdate":false,"showSkybox":true,"showFlares":true,"showImageEffects":true,"showParticleSystems":true},"in2DMode":false,"pivot":{"x":15.43398666381836,"y":-8.955161094665528,"z":2.3860549926757814},"rotation":{"x":0.06766477972269058,"y":0.9319289326667786,"z":-0.2657718062400818,"w":0.23726633191108704},"size":44.93819046020508,"orthographic":false}