{"cameraMode":{"drawMode":0,"name":"Shaded","section":"Shading Mode"},"sceneLighting":true,"audioPlay":false,"sceneViewState":{"showFog":true,"showMaterialUpdate":true,"showSkybox":true,"showFlares":true,"showImageEffects":true,"showParticleSystems":true},"in2DMode":false,"pivot":{"x":0.9412689208984375,"y":3.4976296424865724,"z":14.414752960205079},"rotation":{"x":-0.13192962110042573,"y":0.28758203983306887,"z":-0.0400310643017292,"w":-0.947780966758728},"size":27.747051239013673,"orthographic":false}