{"cameraMode":{"drawMode":0,"name":"Shaded","section":"Shading Mode"},"sceneLighting":true,"audioPlay":false,"sceneViewState":{"showFog":true,"showMaterialUpdate":false,"showSkybox":true,"showFlares":true,"showImageEffects":true,"showParticleSystems":true},"in2DMode":false,"pivot":{"x":1.7170071601867676,"y":2.0239014625549318,"z":14.871573448181153},"rotation":{"x":-0.11778832226991654,"y":0.24374030530452729,"z":-0.029837656766176225,"w":-0.9621986746788025},"size":10.0,"orthographic":false}