{"cameraMode":{"drawMode":0,"name":"Shaded","section":"Shading Mode"},"sceneLighting":true,"audioPlay":false,"sceneViewState":{"showFog":true,"showMaterialUpdate":false,"showSkybox":true,"showFlares":true,"showImageEffects":true,"showParticleSystems":true},"in2DMode":false,"pivot":{"x":3.467020034790039,"y":1.9076213836669922,"z":15.576763153076172},"rotation":{"x":-0.12601931393146516,"y":0.14880499243736268,"z":-0.019122900441288949,"w":-0.9806174635887146},"size":10.0,"orthographic":false}